Alpha (Bohr),Nuclear Repulsion Energy (Hartree),AP1roGSDGeneralized_free Electronic Energy (Hartree),AP1roGSDGeneralized_free Total Energy (Hartree)
0,1.560435414,-3.726654551,-2.166219137
0.1,1.560404502,-3.734009849,-2.173605347
0.2,1.560323607,-3.726545625,-2.166222018
0.25,1.560273633,-3.733130226,-2.172856593
0.3,1.560223677,-3.733669306,-2.173445629
0.35,1.560178625,-3.733152995,-2.17297437
0.4,1.560142883,-3.733464375,-2.173321492
0.45,1.560119938,-3.733372762,-2.173252823
0.5,1.560112034,-3.726339297,-2.166227264
