Alpha (Bohr),Nuclear Repulsion Energy (Hartree),AP1roGSDSpin_free Electronic Energy (Hartree),AP1roGSDSpin_free Total Energy (Hartree)
0,1.560435414,-3.696523936,-2.136088522
0.1,1.560404502,-3.696493506,-2.136089003
0.2,1.560323607,-3.69641389,-2.136090283
0.25,1.560273633,-3.69636469,-2.136091056
0.3,1.560223677,-3.69631552,-2.136091843
0.35,1.560178625,-3.696271176,-2.136092551
0.4,1.560142883,-3.696235993,-2.13609311
0.45,1.560119938,-3.696213404,-2.136093466
0.5,1.560112034,-3.696205832,-2.136093798
