Alpha (Bohr),Nuclear Repulsion Energy (Hartree),APG1roD Electronic Energy (Hartree),APG1roD Total Energy (Hartree)
0,1.947213595,-4.073384974,-2.126171379
0.1,1.946789538,-4.073017049,-2.126227512
0.2,1.945682823,-4.072048383,-2.12636556
0.25,1.945001344,-4.071453827,-2.126452484
0.3,1.944321769,-4.070857708,-2.126535939
0.35,1.943710343,-4.07032274,-2.126612397
0.4,1.943226207,-4.069899005,-2.126672798
0.45,1.942915881,-4.069628224,-2.126712344
0.5,1.942809042,-4.069533764,-2.126724722
