Alpha (Bohr),Nuclear Repulsion Energy (Hartree),AP1roGSDSpin_sen-o Electronic Energy (Hartree),AP1roGSDSpin_sen-o Total Energy (Hartree)
0,2.707106781,-4.636561786,-1.929455005
0.1,2.699457144,-4.624766047,-1.925308903
0.2,2.680039604,-4.594472982,-1.914433378
0.25,2.668458387,-4.576073983,-1.907615596
0.3,2.657180451,-4.557818196,-1.900637745
0.35,2.647255684,-4.541360358,-1.894104674
0.4,2.639541248,-4.528158916,-1.888617668
0.45,2.634661561,-4.519410575,-1.884749014
0.5,2.632993162,-4.516003117,-1.883009955
