Alpha (Bohr),Nuclear Repulsion Energy (Hartree),AP1roGSDGeneralized_sen-v Electronic Energy (Hartree),AP1roGSDGeneralized_sen-v Total Energy (Hartree)
0,3.618341332,-5.630685276,-2.012343943
0.1,3.564347113,-5.577532542,-2.013185429
0.2,3.440692861,-5.437184722,-1.996491861
0.25,3.374656611,-5.346785869,-1.972129258
0.3,3.314988366,-5.249488047,-1.934499681
0.35,3.265810548,-5.149256672,-1.883446124
0.4,3.229518888,-5.049533815,-1.820014927
0.45,3.207368421,-4.955433333,-1.748064912
0.5,3.199931218,-4.895877388,-1.69594617
