Alpha (Bohr),Nuclear Repulsion Energy (Hartree),AP1roGSDGeneralized_sen-ov Electronic Energy (Hartree),AP1roGSDGeneralized_sen-ov Total Energy (Hartree)
0,3.230710144,-5.259551437,-2.028841293
0.1,3.204065557,-5.221190021,-2.017124464
0.2,3.139669012,-5.117357462,-1.977688451
0.25,3.103284152,-5.0488044,-1.945520248
0.3,3.069173913,-4.973954514,-1.904780601
0.35,3.04016172,-4.896303573,-1.856141853
0.4,3.018222598,-4.819449402,-1.801226804
0.45,3.004609024,-4.747728649,-1.743119625
0.5,3,-4.688319584,-1.688319584
