Alpha (Bohr),Nuclear Repulsion Energy (Hartree),APset1roGSD_sen-o Electronic Energy (Hartree),APset1roGSD_sen-o Total Energy (Hartree)
0,1.947213595,-4.073341854,-2.126128258
0.1,1.946789538,-4.072971363,-2.126181825
0.2,1.945682823,-4.072004383,-2.12632156
0.25,1.945001344,-4.07140871,-2.126407367
0.3,1.944321769,-4.070814118,-2.126492349
0.35,1.943710343,-4.070279188,-2.126568844
0.4,1.943226207,-4.069855423,-2.126629216
0.45,1.942915881,-4.069583512,-2.126667631
0.5,1.942809042,-4.069490167,-2.126681125
