Alpha (Bohr),Nuclear Repulsion Energy (Hartree),AP1roGSDGeneralized_sen-v Electronic Energy (Hartree),AP1roGSDGeneralized_sen-v Total Energy (Hartree)
0,1.947213595,-4.126810558,-2.179596962
0.1,1.946789538,-4.126445597,-2.179656059
0.2,1.945682823,-4.125491838,-2.179809015
0.25,1.945001344,-4.12490432,-2.179902977
0.3,1.944321769,-4.124317964,-2.179996195
0.35,1.943710343,-4.123790132,-2.180079789
0.4,1.943226207,-4.123371938,-2.180145731
0.45,1.942915881,-4.123103844,-2.180187964
0.5,1.942809042,-4.069490292,-2.12668125
