Alpha (Bohr),Nuclear Repulsion Energy (Hartree),AP1roGSDSpin_sen-o Electronic Energy (Hartree),AP1roGSDSpin_sen-o Total Energy (Hartree)
0,1.947213595,-4.07334165,-2.126128054
0.1,1.946789538,-4.072971316,-2.126181778
0.2,1.945682823,-4.072004288,-2.126321465
0.25,1.945001344,-4.071408475,-2.126407131
0.3,1.944321769,-4.070814064,-2.126492294
0.35,1.943710343,-4.070279033,-2.12656869
0.4,1.943226207,-4.069855228,-2.126629021
0.45,1.942915881,-4.069583507,-2.126667626
0.5,1.942809042,-4.069490102,-2.12668106
