Alpha (Bohr),Nuclear Repulsion Energy (Hartree),AP1roGSDGeneralized_sen-o Electronic Energy (Hartree),AP1roGSDGeneralized_sen-o Total Energy (Hartree)
0,1.947213595,-4.110748125,-2.163534529
0.1,1.946789538,-4.110283887,-2.16349435
0.2,1.945682823,-4.109041449,-2.163358626
0.25,1.945001344,-4.108245769,-2.163244425
0.3,1.944321769,-4.104924779,-2.160603009
0.35,1.943710343,-4.106611172,-2.162900829
0.4,1.943226207,-4.105892451,-2.162666244
0.45,1.942915881,-4.099138456,-2.156222576
0.5,1.942809042,-4.104054254,-2.161245212
