Alpha (Bohr),Nuclear Repulsion Energy (Hartree),AP1roGSDSpin_free Electronic Energy (Hartree),AP1roGSDSpin_free Total Energy (Hartree)
0,1.947213595,-4.07334164,-2.126128044
0.1,1.946789538,-4.072971306,-2.126181768
0.2,1.945682823,-4.07200427,-2.126321448
0.25,1.945001344,-4.071408471,-2.126407128
0.3,1.944321769,-4.070814067,-2.126492297
0.35,1.943710343,-4.070279033,-2.126568689
0.4,1.943226207,-4.069855227,-2.12662902
0.45,1.942915881,-4.069583508,-2.126667628
0.5,1.942809042,-4.069490085,-2.126681043
