Alpha (Bohr),Nuclear Repulsion Energy (Hartree),AP1roGSDSpin_sen-ov Electronic Energy (Hartree),AP1roGSDSpin_sen-ov Total Energy (Hartree)
0,3.618341332,-5.609965321,-1.991623989
0.1,3.564347113,-5.555598927,-1.991251814
0.2,3.440692861,-5.411350092,-1.970657232
0.25,3.374656611,-5.317793181,-1.94313657
0.3,3.314988366,-5.216362442,-1.901374076
0.35,3.265810548,-5.11081169,-1.845001142
0.4,3.229518888,-5.004202763,-1.774683875
0.45,3.207368421,-4.908449777,-1.701081356
0.5,3.199931218,-4.878619497,-1.678688279
