Alpha (Bohr),Nuclear Repulsion Energy (Hartree),AP1roGSDSpin_sen-v Electronic Energy (Hartree),AP1roGSDSpin_sen-v Total Energy (Hartree)
0,3.230710144,-5.229695209,-1.998985065
0.1,3.204065557,-5.189751842,-1.985686285
0.2,3.139669012,-5.080861284,-1.941192272
0.25,3.103284152,-5.008210411,-1.904926259
0.3,3.069173913,-4.928004393,-1.85883048
0.35,3.04016172,-4.846696569,-1.806534849
0.4,3.018222598,-4.775826409,-1.757603811
0.45,3.004609024,-4.716401786,-1.711792762
0.5,3,-4.648356329,-1.648356328
