Alpha (Bohr),Nuclear Repulsion Energy (Hartree),AP1roGSDSpin_sen-ov Electronic Energy (Hartree),AP1roGSDSpin_sen-ov Total Energy (Hartree)
0,1.947213595,-4.073341654,-2.126128059
0.1,1.946789538,-4.072971279,-2.126181742
0.2,1.945682823,-4.072004286,-2.126321464
0.25,1.945001344,-4.07140847,-2.126407127
0.3,1.944321769,-4.070814058,-2.126492289
0.35,1.943710343,-4.070279035,-2.126568691
0.4,1.943226207,-4.069855229,-2.126629022
0.45,1.942915881,-4.069583507,-2.126667627
0.5,1.942809042,-4.069490384,-2.126681342
