Alpha (Bohr),Nuclear Repulsion Energy (Hartree),AP1roGSDSpin_free Electronic Energy (Hartree),AP1roGSDSpin_free Total Energy (Hartree)
0,2.707106781,-4.636562304,-1.929455522
0.1,2.699457144,-4.624765772,-1.925308628
0.2,2.680039604,-4.594473157,-1.914433553
0.25,2.668458387,-4.576073935,-1.907615549
0.3,2.657180451,-4.557818295,-1.900637843
0.35,2.647255684,-4.541360272,-1.894104588
0.4,2.639541248,-4.528158932,-1.888617685
0.45,2.634661561,-4.519410741,-1.884749179
0.5,2.632993162,-4.516008787,-1.883015625
