Alpha (Bohr),Nuclear Repulsion Energy (Hartree),AP1roGSDSpin_free Electronic Energy (Hartree),AP1roGSDSpin_free Total Energy (Hartree)
0,3.230710144,-5.229695191,-1.998985047
0.1,3.204065557,-5.189751838,-1.985686281
0.2,3.139669012,-5.080861279,-1.941192267
0.25,3.103284152,-5.008210406,-1.904926254
0.3,3.069173913,-4.928004392,-1.858830479
0.35,3.04016172,-4.846696618,-1.806534898
0.4,3.018222598,-4.775826638,-1.75760404
0.45,3.004609024,-4.715608911,-1.710999887
0.5,3,-4.641337516,-1.641337515
