Alpha (Bohr),Nuclear Repulsion Energy (Hartree),AP1roGSDGeneralized_free Electronic Energy (Hartree),AP1roGSDGeneralized_free Total Energy (Hartree)
0,3.230710144,-5.25195539,-2.021245246
0.1,3.204065557,-5.212980007,-2.00891445
0.2,3.139669012,-5.107345767,-1.967676756
0.25,3.103284152,-5.037515455,-1.934231303
0.3,3.069173913,-4.961265359,-1.892091446
0.35,3.04016172,-4.882355001,-1.842193281
0.4,3.018222598,-4.804978331,-1.786755733
0.45,3.004609024,-4.737120402,-1.732511378
0.5,3,-4.672431014,-1.672431013
