Alpha (Bohr),Nuclear Repulsion Energy (Hartree),AP1roGSDSpin_free Electronic Energy (Hartree),AP1roGSDSpin_free Total Energy (Hartree)
0,3.618341332,-5.609965317,-1.991623984
0.1,3.564347113,-5.555598925,-1.991251812
0.2,3.440692861,-5.411350092,-1.970657231
0.25,3.374656611,-5.317793193,-1.943136582
0.3,3.314988366,-5.216362443,-1.901374077
0.35,3.265810548,-5.110811689,-1.845001141
0.4,3.229518888,-5.004202757,-1.77468387
0.45,3.207368421,-4.908450208,-1.701081787
0.5,3.199931218,-4.878619378,-1.678688159
