Alpha (Bohr),Nuclear Repulsion Energy (Hartree),AP1roGSDGeneralized_free Electronic Energy (Hartree),AP1roGSDGeneralized_free Total Energy (Hartree)
0,2.221366863,-4.337145631,-2.115778768
0.1,2.219870978,-4.335910066,-2.116039089
0.2,2.215988112,-4.332633862,-2.11664575
0.25,2.21361221,-4.33056094,-2.11694873
0.3,2.211254241,-4.328422079,-2.117167838
0.35,2.209142281,-4.326386488,-2.117244207
0.4,2.207476365,-4.324606048,-2.117129684
0.45,2.20641147,-4.321819451,-2.115407981
0.5,2.206045378,-4.321302224,-2.115256846
