Alpha (Bohr),Nuclear Repulsion Energy (Hartree),AP1roGSDGeneralized_sen-v Electronic Energy (Hartree),AP1roGSDGeneralized_sen-v Total Energy (Hartree)
0,2.707106781,-4.657621813,-1.950515032
0.1,2.699457144,-4.646444342,-1.946987198
0.2,2.680039604,-4.62150363,-1.941464027
0.25,2.668458387,-4.609468644,-1.941010258
0.3,2.657180451,-4.598975701,-1.94179525
0.35,2.647255684,-4.590574762,-1.943319078
0.4,2.639541248,-4.584491372,-1.944950124
0.45,2.634661561,-4.580815629,-1.946154067
0.5,2.632993162,-4.515970498,-1.882977337
