Alpha (Bohr),Nuclear Repulsion Energy (Hartree),pCCD Electronic Energy (Hartree),pCCD Total Energy (Hartree)
0,2.221366863,-4.297077068,-2.075710205
0.1,2.219870978,-4.296025662,-2.076154684
0.2,2.215988112,-4.293289705,-2.077301594
0.25,2.21361221,-4.291614267,-2.078002057
0.3,2.211254241,-4.289948743,-2.078694503
0.35,2.209142281,-4.288452048,-2.079309767
0.4,2.207476365,-4.287271068,-2.079794703
0.45,2.20641147,-4.28651905,-2.080107579
0.5,2.206045378,-4.286257299,-2.08021192
