Alpha (Bohr),Nuclear Repulsion Energy (Hartree),pCCD Electronic Energy (Hartree),pCCD Total Energy (Hartree)
0,1.947213595,-4.073338053,-2.126124458
0.1,1.946789538,-4.07296959,-2.126180053
0.2,1.945682823,-4.072002987,-2.126320164
0.25,1.945001344,-4.07140706,-2.126405716
0.3,1.944321769,-4.070812427,-2.126490658
0.35,1.943710343,-4.070276176,-2.126565832
0.4,1.943226207,-4.069854081,-2.126627874
0.45,1.942915881,-4.069582271,-2.12666639
0.5,1.942809042,-4.069487142,-2.126678101
