Alpha (Bohr),Nuclear Repulsion Energy (Hartree),AP1roGSDGeneralized_sen-o Electronic Energy (Hartree),AP1roGSDGeneralized_sen-o Total Energy (Hartree)
0,2.707106781,-4.657062202,-1.949955421
0.1,2.699457144,-4.645502871,-1.946045727
0.2,2.680039604,-4.617120028,-1.937080424
0.25,2.668458387,-4.601223129,-1.932764742
0.3,2.657180451,-4.587187427,-1.930006976
0.35,2.647255684,-4.576678854,-1.92942317
0.4,2.639541248,-4.568514331,-1.928973083
0.45,2.634661561,-4.562553178,-1.927891616
0.5,2.632993162,-4.556781025,-1.923787863
