Alpha (Bohr),Nuclear Repulsion Energy (Hartree),AP1roGSDGeneralized_sen-v Electronic Energy (Hartree),AP1roGSDGeneralized_sen-v Total Energy (Hartree)
0,2.221366863,-4.351702376,-2.130335513
0.1,2.219870978,-4.350656361,-2.130785384
0.2,2.215988112,-4.347936935,-2.131948823
0.25,2.21361221,-4.346269797,-2.132657587
0.3,2.211254241,-4.344612881,-2.133358641
0.35,2.209142281,-4.343127023,-2.133984742
0.4,2.207476365,-4.341953405,-2.13447704
0.45,2.20641147,-4.341202758,-2.134791287
0.5,2.206045378,-4.286260355,-2.080214977
