Alpha (Bohr),Nuclear Repulsion Energy (Hartree),AP1roGSDSpin_sen-ov Electronic Energy (Hartree),AP1roGSDSpin_sen-ov Total Energy (Hartree)
0,2.707106781,-4.636562109,-1.929455328
0.1,2.699457144,-4.624766177,-1.925309034
0.2,2.680039604,-4.594473192,-1.914433588
0.25,2.668458387,-4.576073725,-1.907615338
0.3,2.657180451,-4.557818255,-1.900637804
0.35,2.647255684,-4.541359796,-1.894104112
0.4,2.639541248,-4.528158433,-1.888617186
0.45,2.634661561,-4.519410478,-1.884748917
0.5,2.632993162,-4.515969739,-1.882976577
