Alpha (Bohr),Nuclear Repulsion Energy (Hartree),AP1roGSDGeneralized_sen-v Electronic Energy (Hartree),AP1roGSDGeneralized_sen-v Total Energy (Hartree)
0,3.230710144,-5.25955152,-2.028841376
0.1,3.204065557,-5.22119002,-2.017124463
0.2,3.139669012,-5.117357439,-1.977688428
0.25,3.103284152,-5.048804415,-1.945520263
0.3,3.069173913,-4.973954726,-1.904780813
0.35,3.04016172,-4.896303561,-1.856141841
0.4,3.018222598,-4.819449136,-1.801226538
0.45,3.004609024,-4.74772882,-1.743119795
0.5,3,-4.670699659,-1.670699659
