Alpha (Bohr),Nuclear Repulsion Energy (Hartree),AP1roGSDSpin_sen-o Electronic Energy (Hartree),AP1roGSDSpin_sen-o Total Energy (Hartree)
0,3.618341332,-5.609965331,-1.991623998
0.1,3.564347113,-5.555598936,-1.991251823
0.2,3.440692861,-5.411350093,-1.970657232
0.25,3.374656611,-5.317793187,-1.943136577
0.3,3.314988366,-5.21636244,-1.901374074
0.35,3.265810548,-5.110811688,-1.84500114
0.4,3.229518888,-5.004202762,-1.774683875
0.45,3.207368421,-4.908450065,-1.701081644
0.5,3.199931218,-4.878619633,-1.678688415
