Alpha (Bohr),Nuclear Repulsion Energy (Hartree),AP1roGSDGeneralized_sen-ov Electronic Energy (Hartree),AP1roGSDGeneralized_sen-ov Total Energy (Hartree)
0,2.221366863,-4.351702261,-2.130335398
0.1,2.219870978,-4.350656412,-2.130785434
0.2,2.215988112,-4.347936864,-2.131948752
0.25,2.21361221,-4.346269794,-2.132657584
0.3,2.211254241,-4.344612924,-2.133358683
0.35,2.209142281,-4.343126808,-2.133984527
0.4,2.207476365,-4.341953404,-2.134477039
0.45,2.20641147,-4.341202696,-2.134791225
0.5,2.206045378,-4.286260293,-2.080214915
