Alpha (Bohr),Nuclear Repulsion Energy (Hartree),APset1roGD Electronic Energy (Hartree),APset1roGD Total Energy (Hartree)
0,1.947213595,-4.073340274,-2.126126679
0.1,1.946789538,-4.072970677,-2.126181139
0.2,1.945682823,-4.072002453,-2.12631963
0.25,1.945001344,-4.071407225,-2.126405882
0.3,1.944321769,-4.070811459,-2.126489689
0.35,1.943710343,-4.070277589,-2.126567246
0.4,1.943226207,-4.06985407,-2.126627863
0.45,1.942915881,-4.069580385,-2.126664505
0.5,1.942809042,-4.069488686,-2.126679644
