Alpha (Bohr),Nuclear Repulsion Energy (Hartree),APG1roD Electronic Energy (Hartree),APG1roD Total Energy (Hartree)
0,2.707106781,-4.583653961,-1.87654718
0.1,2.699457144,-4.572388279,-1.872931135
0.2,2.680039604,-4.550228769,-1.870189165
0.25,2.668458387,-4.540178083,-1.871719697
0.3,2.657180451,-4.531731365,-1.874550914
0.35,2.647255684,-4.525006241,-1.877750557
0.4,2.639541248,-4.520093799,-1.880552551
0.45,2.634661561,-4.517096185,-1.882434624
0.5,2.632993162,-4.516085548,-1.883092386
