Alpha (Bohr),Nuclear Repulsion Energy (Hartree),APG1roSD_free Electronic Energy (Hartree),APG1roSD_free Total Energy (Hartree)
0,1.947213595,-4.110748266,-2.163534671
0.1,1.946789538,-4.10624425,-2.159454713
0.2,1.945682823,-4.10904155,-2.163358727
0.25,1.945001344,-4.108245794,-2.16324445
0.3,1.944321769,-4.10741483,-2.16309306
0.35,1.943710343,-4.104689457,-2.160979114
0.4,1.943226207,-4.105892498,-2.162666291
0.45,1.942915881,-4.105305712,-2.162389831
0.5,1.942809042,-4.104884023,-2.162074981
