Alpha (Bohr),Nuclear Repulsion Energy (Hartree),APset1roGSD_sen-v Electronic Energy (Hartree),APset1roGSD_sen-v Total Energy (Hartree)
0,1.560435414,-3.696524141,-2.136088728
0.1,1.560404502,-3.696493736,-2.136089234
0.2,1.560323607,-3.696413899,-2.136090292
0.25,1.560273633,-3.696364746,-2.136091113
0.3,1.560223677,-3.696315717,-2.13609204
0.35,1.560178625,-3.69627121,-2.136092585
0.4,1.560142883,-3.696236151,-2.136093268
0.45,1.560119938,-3.696213479,-2.136093541
0.5,1.560112034,-3.69620576,-2.136093726
