Alpha (Bohr),Nuclear Repulsion Energy (Hartree),AP1roGSDGeneralized_free Electronic Energy (Hartree),AP1roGSDGeneralized_free Total Energy (Hartree)
0,1.947213595,-4.110748207,-2.163534611
0.1,1.946789538,-4.106244178,-2.159454641
0.2,1.945682823,-4.109041392,-2.163358569
0.25,1.945001344,-4.108245695,-2.163244351
0.3,1.944321769,-4.100347256,-2.156025487
0.35,1.943710343,-4.104689342,-2.160978999
0.4,1.943226207,-4.104584998,-2.161358791
0.45,1.942915881,-4.099138405,-2.156222524
0.5,1.942809042,-4.104054277,-2.161245236
