Alpha (Bohr),Nuclear Repulsion Energy (Hartree),AP1roGSDSpin_sen-o Electronic Energy (Hartree),AP1roGSDSpin_sen-o Total Energy (Hartree)
0,2.221366863,-4.297078804,-2.075711941
0.1,2.219870978,-4.296026751,-2.076155773
0.2,2.215988112,-4.29329174,-2.077303629
0.25,2.21361221,-4.291615214,-2.078003004
0.3,2.211254241,-4.289949058,-2.078694817
0.35,2.209142281,-4.288454779,-2.079312498
0.4,2.207476365,-4.2872748,-2.079798435
0.45,2.20641147,-4.286519912,-2.080108441
0.5,2.206045378,-4.2862603,-2.080214922
