Alpha (Bohr),Nuclear Repulsion Energy (Hartree),APset1roGSD_sen-o Electronic Energy (Hartree),APset1roGSD_sen-o Total Energy (Hartree)
0,1.560435414,-3.696524164,-2.136088751
0.1,1.560404502,-3.69649368,-2.136089178
0.2,1.560323607,-3.696414099,-2.136090492
0.25,1.560273633,-3.696364723,-2.13609109
0.3,1.560223677,-3.696315553,-2.136091876
0.35,1.560178625,-3.696271354,-2.136092728
0.4,1.560142883,-3.696236068,-2.136093185
0.45,1.560119938,-3.696213593,-2.136093655
0.5,1.560112034,-3.696205741,-2.136093708
