File,Alpha (Bohr),Nuclear Repulsion Energy (Hartree),APG1roD_sen-o Electronic Energy (Hartree),APG1roD_sen-o Total Energy (Hartree),Counter
database/t4_r2.0_alpha0.0/sto-6g/APG1roD_sen-o/0/results.out,0.0,2.7071067811865475,-4.583653483715495,-1.8765467025289477,7
database/t4_r2.0_alpha0.5/sto-6g/APG1roD_sen-o/0/results.out,0.5,2.6329931618554525,-4.516087674349065,-1.8830945124936127,12
database/t4_r2.0_alpha0.25/sto-6g/APG1roD_sen-o/0/results.out,0.25,2.6684583865544833,-4.54017909118062,-1.8717207046261364,13
database/t4_r2.0_alpha0.45/sto-6g/APG1roD_sen-o/0/results.out,0.45,2.63466156141937,-4.517097382307897,-1.882435820888527,12
database/t4_r2.0_alpha0.2/sto-6g/APG1roD_sen-o/0/results.out,0.2,2.6800396036280496,-4.550229866569505,-1.8701902629414553,14
database/t4_r2.0_alpha0.1/sto-6g/APG1roD_sen-o/0/results.out,0.1,2.6994571439504123,-4.572385684265195,-1.872928540314783,12
database/t4_r2.0_alpha0.4/sto-6g/APG1roD_sen-o/0/results.out,0.4,2.639541247510495,-4.520094115368775,-1.8805528678582801,15
database/t4_r2.0_alpha0.3/sto-6g/APG1roD_sen-o/0/results.out,0.3,2.657180451400547,-4.531731146875132,-1.8745506954745852,15
database/t4_r2.0_alpha0.35/sto-6g/APG1roD_sen-o/0/results.out,0.35,2.6472556839514496,-4.525005346111222,-1.877749662159772,16
