Alpha (Bohr),Nuclear Repulsion Energy (Hartree),AP1roGSDGeneralized_free Electronic Energy (Hartree),AP1roGSDGeneralized_free Total Energy (Hartree)
0,2.707106781,-4.657062519,-1.949955738
0.1,2.699457144,-4.645502572,-1.946045428
0.2,2.680039604,-4.617119954,-1.937080351
0.25,2.668458387,-4.60122325,-1.932764864
0.3,2.657180451,-4.58718737,-1.930006919
0.35,2.647255684,-4.57667891,-1.929423226
0.4,2.639541248,-4.557770783,-1.918229535
0.45,2.634661561,-4.56255321,-1.927891649
0.5,2.632993162,-4.551723973,-1.918730811
