Alpha (Bohr),Nuclear Repulsion Energy (Hartree),AP1roGSDGeneralized_sen-ov Electronic Energy (Hartree),AP1roGSDGeneralized_sen-ov Total Energy (Hartree)
0,1.947213595,-4.126810582,-2.179596986
0.1,1.946789538,-4.126445528,-2.17965599
0.2,1.945682823,-4.125491854,-2.179809031
0.25,1.945001344,-4.124904196,-2.179902853
0.3,1.944321769,-4.124317769,-2.179995999
0.35,1.943710343,-4.123790143,-2.1800798
0.4,1.943226207,-4.123371943,-2.180145736
0.45,1.942915881,-4.123103846,-2.180187965
0.5,1.942809042,-4.069490168,-2.126681126
