Alpha (Bohr),Nuclear Repulsion Energy (Hartree),pCCD Electronic Energy (Hartree),pCCD Total Energy (Hartree)
0,1.560435414,-3.69652154,-2.136086126
0.1,1.560404502,-3.696490039,-2.136085536
0.2,1.560323607,-3.696412794,-2.136089187
0.25,1.560273633,-3.696362908,-2.136089275
0.3,1.560223677,-3.696311746,-2.136088069
0.35,1.560178625,-3.696268092,-2.136089466
0.4,1.560142883,-3.696234389,-2.136091506
0.45,1.560119938,-3.696212162,-2.136092224
0.5,1.560112034,-3.69620274,-2.136090707
