Alpha (Bohr),Nuclear Repulsion Energy (Hartree),AP1roGSDSpin_sen-v Electronic Energy (Hartree),AP1roGSDSpin_sen-v Total Energy (Hartree)
0,1.947213595,-4.073341652,-2.126128056
0.1,1.946789538,-4.07297131,-2.126181772
0.2,1.945682823,-4.072004275,-2.126321453
0.25,1.945001344,-4.071408481,-2.126407138
0.3,1.944321769,-4.070814063,-2.126492294
0.35,1.943710343,-4.070279031,-2.126568688
0.4,1.943226207,-4.069855227,-2.126629019
0.45,1.942915881,-4.06958351,-2.12666763
0.5,1.942809042,-4.069490569,-2.126681527
