Alpha (Bohr),Nuclear Repulsion Energy (Hartree),APset1roGSD_sen-o Electronic Energy (Hartree),APset1roGSD_sen-o Total Energy (Hartree)
0,3.618341332,-5.609965388,-1.991624056
0.1,3.564347113,-5.555598944,-1.991251832
0.2,3.440692861,-5.411350119,-1.970657258
0.25,3.374656611,-5.317793301,-1.94313669
0.3,3.314988366,-5.216362463,-1.901374097
0.35,3.265810548,-5.11081177,-1.845001222
0.4,3.229518888,-5.004202768,-1.77468388
0.45,3.207368421,-4.908450426,-1.701082005
0.5,3.199931218,-4.878619755,-1.678688537
