Alpha (Bohr),Nuclear Repulsion Energy (Hartree),AP1roGSDSpin_sen-o Electronic Energy (Hartree),AP1roGSDSpin_sen-o Total Energy (Hartree)
0,3.230710144,-5.229695211,-1.998985067
0.1,3.204065557,-5.189751834,-1.985686277
0.2,3.139669012,-5.080861281,-1.941192269
0.25,3.103284152,-5.008210395,-1.904926244
0.3,3.069173913,-4.928004379,-1.858830466
0.35,3.04016172,-4.846696573,-1.806534853
0.4,3.018222598,-4.775826559,-1.757603961
0.45,3.004609024,-4.715608886,-1.710999861
0.5,3,-4.651977634,-1.651977634
