Alpha (Bohr),Nuclear Repulsion Energy (Hartree),AP1roGSDSpin_sen-v Electronic Energy (Hartree),AP1roGSDSpin_sen-v Total Energy (Hartree)
0,2.221366863,-4.297078811,-2.075711949
0.1,2.219870978,-4.296026733,-2.076155756
0.2,2.215988112,-4.293291759,-2.077303648
0.25,2.21361221,-4.291615217,-2.078003007
0.3,2.211254241,-4.289949039,-2.078694798
0.35,2.209142281,-4.28845478,-2.0793125
0.4,2.207476365,-4.287274797,-2.079798432
0.45,2.20641147,-4.28651991,-2.08010844
0.5,2.206045378,-4.286260856,-2.080215478
