Alpha (Bohr),Nuclear Repulsion Energy (Hartree),APset1roGSD_sen-ov Electronic Energy (Hartree),APset1roGSD_sen-ov Total Energy (Hartree)
0,1.947213595,-4.073341653,-2.126128057
0.1,1.946789538,-4.072971353,-2.126181815
0.2,1.945682823,-4.072004333,-2.12632151
0.25,1.945001344,-4.071408476,-2.126407132
0.3,1.944321769,-4.070814086,-2.126492316
0.35,1.943710343,-4.070279098,-2.126568754
0.4,1.943226207,-4.069855232,-2.126629024
0.45,1.942915881,-4.069583515,-2.126667634
0.5,1.942809042,-4.069490184,-2.126681142
