Alpha (Bohr),Nuclear Repulsion Energy (Hartree),APset1roGSD_sen-ov Electronic Energy (Hartree),APset1roGSD_sen-ov Total Energy (Hartree)
0,1.560435414,-3.696523979,-2.136088565
0.1,1.560404502,-3.696493743,-2.13608924
0.2,1.560323607,-3.69641403,-2.136090423
0.25,1.560273633,-3.696364933,-2.1360913
0.3,1.560223677,-3.696315631,-2.136091954
0.35,1.560178625,-3.696271189,-2.136092564
0.4,1.560142883,-3.696235993,-2.136093111
0.45,1.560119938,-3.69621362,-2.136093682
0.5,1.560112034,-3.696206022,-2.136093988
