Alpha (Bohr),Nuclear Repulsion Energy (Hartree),AP1roGSDGeneralized_sen-v Electronic Energy (Hartree),AP1roGSDGeneralized_sen-v Total Energy (Hartree)
0,1.560435414,-3.751815277,-2.191379863
0.1,1.560404502,-3.75178496,-2.191380458
0.2,1.560323607,-3.751705942,-2.191382335
0.25,1.560273633,-3.751657053,-2.19138342
0.3,1.560223677,-3.75160816,-2.191384483
0.35,1.560178625,-3.751564082,-2.191385457
0.4,1.560142883,-3.75152926,-2.191386378
0.45,1.560119938,-3.751506743,-2.191386805
0.5,1.560112034,-3.69620571,-2.136093676
