Alpha (Bohr),Nuclear Repulsion Energy (Hartree),AP1roGSDGeneralized_sen-o Electronic Energy (Hartree),AP1roGSDGeneralized_sen-o Total Energy (Hartree)
0,3.618341332,-5.625016994,-2.006675661
0.1,3.564347113,-5.571211108,-2.006863995
0.2,3.440692861,-5.428894216,-1.988201355
0.25,3.374656611,-5.336996027,-1.962339416
0.3,3.314988366,-5.237816347,-1.922827981
0.35,3.265810548,-5.133668351,-1.867857803
0.4,3.229518888,-5.033137848,-1.80361896
0.45,3.207368421,-4.940161166,-1.732792745
0.5,3.199931218,-4.89547173,-1.695540512
