Alpha (Bohr),Nuclear Repulsion Energy (Hartree),AP1roGSDGeneralized_sen-ov Electronic Energy (Hartree),AP1roGSDGeneralized_sen-ov Total Energy (Hartree)
0,3.618341332,-5.630685234,-2.012343901
0.1,3.564347113,-5.577532504,-2.013185391
0.2,3.440692861,-5.437184756,-1.996491895
0.25,3.374656611,-5.346785922,-1.972129312
0.3,3.314988366,-5.249488074,-1.934499708
0.35,3.265810548,-5.149256706,-1.883446158
0.4,3.229518888,-5.049533869,-1.820014982
0.45,3.207368421,-4.955433407,-1.748064986
0.5,3.199931218,-4.895877608,-1.69594639
