Alpha (Bohr),Nuclear Repulsion Energy (Hartree),AP1roGSDSpin_sen-ov Electronic Energy (Hartree),AP1roGSDSpin_sen-ov Total Energy (Hartree)
0,3.230710144,-5.22969518,-1.998985036
0.1,3.204065557,-5.189751836,-1.985686279
0.2,3.139669012,-5.080861287,-1.941192275
0.25,3.103284152,-5.008210387,-1.904926235
0.3,3.069173913,-4.928004388,-1.858830475
0.35,3.04016172,-4.846696605,-1.806534885
0.4,3.018222598,-4.775826634,-1.757604036
0.45,3.004609024,-4.716404429,-1.711795405
0.5,3,-4.645310185,-1.645310185
