Alpha (Bohr),Nuclear Repulsion Energy (Hartree),AP1roGSDSpin_sen-ov Electronic Energy (Hartree),AP1roGSDSpin_sen-ov Total Energy (Hartree)
0,1.560435414,-3.696523933,-2.136088519
0.1,1.560404502,-3.696493512,-2.136089009
0.2,1.560323607,-3.696413886,-2.136090279
0.25,1.560273633,-3.696364693,-2.13609106
0.3,1.560223677,-3.696315521,-2.136091844
0.35,1.560178625,-3.696271173,-2.136092548
0.4,1.560142883,-3.69623599,-2.136093107
0.45,1.560119938,-3.696213404,-2.136093466
0.5,1.560112034,-3.696205604,-2.13609357
