Alpha (Bohr),Nuclear Repulsion Energy (Hartree),AP1roGSDGeneralized_sen-o Electronic Energy (Hartree),AP1roGSDGeneralized_sen-o Total Energy (Hartree)
0,1.560435414,-3.734062119,-2.173626706
0.1,1.560404502,-3.726624491,-2.166219989
0.2,1.560323607,-3.733866785,-2.173543178
0.25,1.560273633,-3.733130296,-2.172856663
0.3,1.560223677,-3.733669191,-2.173445514
0.35,1.560178625,-3.733152876,-2.17297425
0.4,1.560142883,-3.733464341,-2.173321458
0.45,1.560119938,-3.726346948,-2.166227009
0.5,1.560112034,-3.732471704,-2.172359671
