Alpha (Bohr),Nuclear Repulsion Energy (Hartree),AP1roGSDSpin_sen-v Electronic Energy (Hartree),AP1roGSDSpin_sen-v Total Energy (Hartree)
0,1.560435414,-3.696523935,-2.136088521
0.1,1.560404502,-3.696493506,-2.136089004
0.2,1.560323607,-3.696413884,-2.136090277
0.25,1.560273633,-3.69636469,-2.136091057
0.3,1.560223677,-3.696315522,-2.136091845
0.35,1.560178625,-3.696271172,-2.136092547
0.4,1.560142883,-3.696235991,-2.136093108
0.45,1.560119938,-3.696213405,-2.136093467
0.5,1.560112034,-3.696205935,-2.136093901
