Alpha (Bohr),Nuclear Repulsion Energy (Hartree),AP1roGSDGeneralized_sen-ov Electronic Energy (Hartree),AP1roGSDGeneralized_sen-ov Total Energy (Hartree)
0,2.707106781,-4.657621847,-1.950515066
0.1,2.699457144,-4.64644399,-1.946986846
0.2,2.680039604,-4.621503495,-1.941463891
0.25,2.668458387,-4.609469206,-1.94101082
0.3,2.657180451,-4.598975387,-1.941794936
0.35,2.647255684,-4.590574736,-1.943319052
0.4,2.639541248,-4.584490953,-1.944949706
0.45,2.634661561,-4.580815682,-1.946154121
0.5,2.632993162,-4.515970003,-1.882976841
