Alpha (Bohr),Nuclear Repulsion Energy (Hartree),APset1roGSD_sen-v Electronic Energy (Hartree),APset1roGSD_sen-v Total Energy (Hartree)
0,1.947213595,-4.073341666,-2.12612807
0.1,1.946789538,-4.072971511,-2.126181973
0.2,1.945682823,-4.072004299,-2.126321476
0.25,1.945001344,-4.071408477,-2.126407133
0.3,1.944321769,-4.070814315,-2.126492546
0.35,1.943710343,-4.070279177,-2.126568833
0.4,1.943226207,-4.069855245,-2.126629037
0.45,1.942915881,-4.069583656,-2.126667776
0.5,1.942809042,-4.06949049,-2.126681449
