Alpha (Bohr),Nuclear Repulsion Energy (Hartree),APset1roGD Electronic Energy (Hartree),APset1roGD Total Energy (Hartree)
0,1.560435414,-3.696518893,-2.136083479
0.1,1.560404502,-3.696492148,-2.136087645
0.2,1.560323607,-3.696409958,-2.136086351
0.25,1.560273633,-3.696363627,-2.136089994
0.3,1.560223677,-3.696312,-2.136088324
0.35,1.560178625,-3.696267531,-2.136088906
0.4,1.560142883,-3.696234938,-2.136092055
0.45,1.560119938,-3.696212282,-2.136092344
0.5,1.560112034,-3.696204261,-2.136092227
