Alpha (Bohr),Nuclear Repulsion Energy (Hartree),APset1roGSD_sen-v Electronic Energy (Hartree),APset1roGSD_sen-v Total Energy (Hartree)
0,2.707106781,-4.636562227,-1.929455446
0.1,2.699457144,-4.624766046,-1.925308902
0.2,2.680039604,-4.594473014,-1.91443341
0.25,2.668458387,-4.576074197,-1.907615811
0.3,2.657180451,-4.557818197,-1.900637746
0.35,2.647255684,-4.541360144,-1.89410446
0.4,2.639541248,-4.528158875,-1.888617627
0.45,2.634661561,-4.519410654,-1.884749093
0.5,2.632993162,-4.515970402,-1.88297724
