Alpha (Bohr),Nuclear Repulsion Energy (Hartree),AP1roGSDGeneralized_sen-ov Electronic Energy (Hartree),AP1roGSDGeneralized_sen-ov Total Energy (Hartree)
0,1.560435414,-3.751815106,-2.191379693
0.1,1.560404502,-3.751785109,-2.191380607
0.2,1.560323607,-3.751705797,-2.19138219
0.25,1.560273633,-3.751656905,-2.191383272
0.3,1.560223677,-3.751608165,-2.191384488
0.35,1.560178625,-3.751564055,-2.19138543
0.4,1.560142883,-3.751529163,-2.191386281
0.45,1.560119938,-3.751506675,-2.191386737
0.5,1.560112034,-3.69620655,-2.136094516
