Alpha (Bohr),Nuclear Repulsion Energy (Hartree),AP1roGSDSpin_sen-v Electronic Energy (Hartree),AP1roGSDSpin_sen-v Total Energy (Hartree)
0,2.707106781,-4.636561539,-1.929454758
0.1,2.699457144,-4.624766117,-1.925308973
0.2,2.680039604,-4.594473155,-1.914433551
0.25,2.668458387,-4.576074146,-1.907615759
0.3,2.657180451,-4.55781784,-1.900637388
0.35,2.647255684,-4.54136041,-1.894104726
0.4,2.639541248,-4.528158827,-1.88861758
0.45,2.634661561,-4.519410773,-1.884749211
0.5,2.632993162,-4.51597053,-1.882977368
