Alpha (Bohr),Nuclear Repulsion Energy (Hartree),AP1roGSDSpin_sen-v Electronic Energy (Hartree),AP1roGSDSpin_sen-v Total Energy (Hartree)
0,3.618341332,-5.609965295,-1.991623962
0.1,3.564347113,-5.555598935,-1.991251822
0.2,3.440692861,-5.411350091,-1.97065723
0.25,3.374656611,-5.317793192,-1.943136582
0.3,3.314988366,-5.21636244,-1.901374074
0.35,3.265810548,-5.110811698,-1.84500115
0.4,3.229518888,-5.00420275,-1.774683862
0.45,3.207368421,-4.90845007,-1.701081649
0.5,3.199931218,-4.878619793,-1.678688574
